,Cod_setor,IDHL-Setor,AlfabIDHM
0,270010205000001,0.7333333333333333,0.8320838139177239
1,270010205000002,0.7,0.8569209435044068
2,270010205000003,0.6166666666666667,0.9017848963801766
3,270010205000004,0.75,0.8291056910569106
4,270010205000005,0.7,0.7262522974101921
5,270010205000006,0.7333333333333333,0.7747531704366236
6,270010205000007,0.6166666666666667,0.8047138047138046
7,270010205000008,0.5666666666666667,0.6019607843137255
8,270010205000009,0.7,0.7231616581312204
9,270010205000010,0.6833333333333333,0.617345052925117
10,270010205000011,0.7333333333333333,0.7548189554662046
11,270010205000012,0.7333333333333333,0.8779117707689137
12,270010205000013,0.65,0.639563266302409
13,270010205000014,0.6833333333333333,0.7892029839026306
14,270010205000015,0.8833333333333333,0.977124183006536
15,270010205000016,0.8,0.854775828460039
16,270010205000017,0.7333333333333333,0.6928721537779321
17,270010205000018,0.6666666666666666,0.6722659368228988
18,270010205000019,0.65,0.629803735359291
19,270010205000020,0.7166666666666667,0.8598716435009294
20,270010205000021,0.8,0.853730744141703
21,270010205000022,0.7,0.7498743086978381
22,270010205000023,0.6833333333333333,0.7532599533938221
23,270030005000001,0.8333333333333334,0.9359538784067086
24,270030005000002,0.9333333333333333,0.9367121507472383
25,270030005000003,0.9,0.9474206349206349
26,270030005000004,0.9,0.895355673133451
27,270030005000005,0.9666666666666667,0.968521641371557
28,270030005000006,0.8166666666666667,0.9393709221930081
29,270030005000007,0.8833333333333333,0.9585280619763378
30,270030005000008,0.7,0.9120474628949206
31,270030005000009,0.75,0.8951017491404832
32,270030005000010,0.6833333333333333,0.8683348278954267
33,270030005000011,0.7166666666666667,0.7262067683781912
34,270030005000012,0.75,0.8429774778229415
35,270030005000013,0.7166666666666667,0.8671480705023682
36,270030005000014,0.7833333333333333,0.9526666666666667
37,270030005000015,0.7666666666666667,0.8899091004623791
38,270030005000016,0.8,0.8693604118186306
39,270030005000017,0.75,0.802733497237423
40,270030005000018,0.8,0.8042691832378385
41,270030005000019,0.7666666666666667,0.8172311348781937
42,270030005000020,0.7666666666666667,0.812807881773399
43,270030005000021,0.8166666666666667,0.951017338995046
44,270030005000022,0.8333333333333334,0.8244880112501626
45,270030005000023,0.8833333333333333,0.9282717723874713
46,270030005000024,0.8,0.9409763430651159
47,270030005000025,0.8666666666666667,0.9116236024659292
48,270030005000026,0.8,0.8449269080240981
49,270030005000027,0.65,0.9165030032241699
50,270030005000028,0.6,0.9194712864519845
51,270030005000029,0.8,0.9270683137835626
52,270030005000030,0.6833333333333333,0.880561912026443
53,270030005000031,0.7166666666666667,0.8020050738647023
54,270030005000032,0.7166666666666667,0.8277290944908634
55,270030005000033,0.7666666666666667,0.7719581927259093
56,270030005000034,0.7833333333333333,0.9022242265942587
57,270030005000035,0.75,0.9437856829161176
58,270030005000036,0.8833333333333333,0.8764629221022208
59,270030005000037,0.8,0.8912266595193424
60,270030005000038,0.8333333333333334,0.9033526255208081
61,270030005000039,0.8,0.9277966243665451
62,270030005000040,0.8166666666666667,0.9385138563220755
63,270030005000041,0.8333333333333334,0.9636803874092009
64,270030005000042,0.8166666666666667,0.9203499967831178
65,270030005000043,0.7333333333333333,0.8596628432394855
66,270030005000044,0.7333333333333333,0.9122918349294258
67,270030005000045,0.7166666666666667,0.9310441880101322
68,270030005000046,0.6833333333333333,0.8733251332513325
69,270030005000047,0.75,0.8592160163970427
70,270030005000048,0.8,0.7804484329102325
71,270030005000049,0.7333333333333333,0.7341269067746135
72,270030005000050,0.7166666666666667,0.6934401288705924
73,270030005000051,0.6833333333333333,0.908185611437644
74,270030005000052,0.75,0.8973770491803279
75,270030005000053,0.7333333333333333,0.8389078090458266
76,270030005000054,0.65,0.9181333048783147
77,270030005000055,0.75,0.8383255165933594
78,270030005000056,0.7333333333333333,0.8116520285866219
79,270030005000057,0.7166666666666667,0.9405509847918224
80,270030005000058,0.7333333333333333,0.9191922608578
81,270030005000059,0.75,0.9498443391060841
82,270030005000060,0.8,0.9556210940242961
83,270030005000061,0.9,0.9642594859241127
84,270030005000062,0.85,0.9201238576238576
85,270030005000063,0.8333333333333334,0.9066885066885068
86,270030005000064,0.8666666666666667,0.9311007926457483
87,270030005000065,0.85,0.9136822773186409
88,270030005000066,0.8666666666666667,0.9053409632808774
89,270030005000067,0.8333333333333334,0.9232775320207014
90,270030005000068,0.8166666666666667,0.9143441160247883
91,270030005000069,0.7333333333333333,0.881739785483101
92,270030005000070,0.8,0.9013203786746388
93,270030005000071,0.7166666666666667,0.9036198949166746
94,270030005000072,0.7,0.8835384025257443
95,270030005000073,0.7166666666666667,0.7950387596899224
96,270030005000074,0.7333333333333333,0.8718941678686423
97,270030005000075,0.7333333333333333,0.6404018264840182
98,270030005000076,0.75,0.8402736069402735
99,270030005000077,0.5333333333333333,0.8344141807176827
100,270030005000078,0.7166666666666667,0.8440649067290881
101,270030005000079,0.75,0.7690026768052188
102,270030005000080,0.8166666666666667,0.884028333481521
103,270030005000081,0.85,0.8896972369194591
104,270030005000082,0.8,0.8987081742987254
105,270030005000083,0.7833333333333333,0.9275603868296974
106,270030005000084,0.8166666666666667,0.934727910275971
107,270030005000085,0.7833333333333333,0.9091876901055645
108,270030005000086,0.7333333333333333,0.7231764311490604
109,270030005000087,0.8,0.6081417984358458
110,270030005000088,0.7,0.7021333749263458
111,270030005000089,0.65,0.6163211998651837
112,270030005000090,0.75,0.7911569274036224
113,270030005000091,0.7166666666666667,0.8641159912566243
114,270030005000092,0.7,0.8279307869583287
115,270030005000093,0.7666666666666667,0.7548872180451128
116,270030005000094,0.7333333333333333,0.8672580571218997
117,270030005000095,0.8166666666666667,0.9382632535898868
118,270030005000096,0.7833333333333333,0.8954019539195093
119,270030005000097,0.8166666666666667,0.8862336704063324
120,270030005000098,0.7666666666666667,0.9797979797979798
121,270030005000099,0.8166666666666667,0.9101218462800064
122,270030005000100,0.8166666666666667,0.9230410134073924
123,270030005000101,0.7833333333333333,0.914070474415302
124,270030005000102,0.7833333333333333,0.9720506031185643
125,270030005000103,0.7333333333333333,0.8839209292846952
126,270030005000104,0.7,0.8558949438852251
127,270030005000105,0.6666666666666666,0.8413622987709884
128,270030005000106,0.75,0.96568103703513
129,270030005000107,0.7166666666666667,0.8709478788500764
130,270030005000108,0.7666666666666667,0.866655320739354
131,270030005000109,0.7833333333333333,0.835297858623874
132,270030005000110,0.8166666666666667,0.8589291847404373
133,270030005000111,0.6333333333333333,0.8773920262244833
134,270030005000112,0.7166666666666667,0.8340813686851801
135,270030005000113,0.6333333333333333,0.84778475640808
136,270030005000114,0.6166666666666667,0.8971634426179881
137,270030005000115,0.7333333333333333,0.7498953218377679
138,270030005000116,0.7333333333333333,0.8154006374062085
139,270030005000117,0.7666666666666667,0.875016359115299
140,270030005000118,0.6166666666666667,0.8513689469386104
141,270030005000119,0.7166666666666667,0.9371707131606105
142,270030005000120,0.6833333333333333,0.7942757748260595
143,270030005000121,0.7333333333333333,0.9101048376910446
144,270030005000122,0.7666666666666667,0.9423648762620785
145,270030005000123,0.7333333333333333,0.8065421979356406
146,270030005000124,0.7,0.7990950226244343
147,270030005000125,0.6166666666666667,0.683936078969939
148,270030005000126,0.6333333333333333,0.7090909090909091
149,270030005000127,0.7333333333333333,0.9446614754026724
150,270030005000128,0.75,0.7045204410381606
151,270030005000129,0.6666666666666666,0.8377361951935424
152,270030005000130,0.75,0.7645985266626768
153,270030005000131,0.7,0.828983366415855
154,270030005000132,0.7333333333333333,0.721274354923644
155,270030005000133,0.7833333333333333,0.8528813772700091
156,270030005000134,0.7833333333333333,0.8137974512541092
157,270030005000135,0.7333333333333333,0.7823318988215213
158,270030005000136,0.65,0.5924279642843218
159,270030005000137,0.8,0.6643471441294148
160,270030005000138,0.8,0.7460117254105061
161,270030005000139,0.7833333333333333,0.6033355871084066
162,270030005000140,0.7333333333333333,0.6806628953868218
163,270030005000141,0.75,0.69564828324093
164,270030005000142,0.7333333333333333,0.8084624846248462
165,270030005000143,0.7833333333333333,0.7947962690230731
166,270030005000144,0.7166666666666667,0.8059026281775097
167,270030005000145,0.8,0.7297187604450174
168,270030005000146,0.8,0.8202511695643934
169,270030005000147,0.8333333333333334,0.8103436770103437
170,270030005000148,0.7666666666666667,0.7482608546657071
171,270030005000149,0.7833333333333333,0.7811293715183876
172,270030005000150,0.7333333333333333,0.6425153589608567
173,270030005000151,0.7666666666666667,0.838943816698054
174,270030005000152,0.8,0.8296626180836707
175,270030005000153,0.7666666666666667,0.7894047834362539
176,270030005000154,0.7166666666666667,0.8228952099417688
177,270030005000155,0.8166666666666667,0.788187134502924
178,270030005000156,0.7666666666666667,0.8410217930314499
179,270030005000157,0.8,0.760110338500169
180,270030005000158,0.7166666666666667,0.7070261437908497
181,270030005000159,0.7833333333333333,0.7412062116287469
182,270030005000160,0.75,0.8871032313411495
183,270030005000161,0.7,0.7561523220389087
184,270030005000162,0.8166666666666667,0.7177066346236374
185,270030005000163,0.7166666666666667,0.5758373758373758
186,270030005000164,0.7,0.7620237125531721
187,270030005000165,0.7666666666666667,0.7968841857730746
188,270030005000166,0.8333333333333334,0.7521315436385115
189,270030005000167,0.8,0.6809156286628126
190,270030005000168,0.8,0.7585341365461847
191,270030005000169,0.8,0.8599186913793656
192,270030005000170,0.8,0.6994916485112563
193,270030005000171,0.75,0.67233274741664
194,270030005000172,0.7333333333333333,0.6548711755233495
195,270030005000173,0.6666666666666666,0.9145114942528737
196,270030005000174,0.8166666666666667,0.7839076620460577
197,270030005000175,0.8333333333333334,0.7545985130642009
198,270030005000176,0.55,0.8715483234714004
199,270030005000177,0.6166666666666667,0.5808257872601036
200,270030005000178,0.8,0.8959546925566343
201,270030005000179,0.7166666666666667,0.7468483282436771
202,270030005000180,0.75,0.8075880758807589
203,270030005000181,0.75,0.5824539623422306
204,270030005000182,0.8166666666666667,0.7394988105712517
205,270030005000183,0.7166666666666667,0.8975078464384444
206,270030005000184,0.5666666666666667,0.6293424343990356
207,270030005000185,0.55,0.7200276096421366
208,270030005000186,0.7833333333333333,0.9232639018735275
209,270030005000187,0.6833333333333333,0.9097225982276607
210,270030005000188,0.6333333333333333,0.8847720029350317
211,270030005000189,0.7166666666666667,0.8804730364832668
212,270030005000190,0.65,0.754451508729438
213,270030005000191,0.7833333333333333,0.7399529569892472
214,270030005000192,0.6666666666666666,0.8517443158976192
215,270030005000193,0.7666666666666667,0.9010276793067641
216,270030005000194,0.75,0.881969635899503
217,270030005000195,0.6166666666666667,0.5810764145824083
218,270030005000196,0.7,0.8075770495252034
219,270030005000197,0.7666666666666667,0.7599400871459695
220,270030005000198,0.8,0.9534591490595158
221,270030005000199,0.7333333333333333,0.912241054613936
222,270030005000200,0.6833333333333333,0.8965767242466272
223,270030005000201,0.75,0.7539134939134939
224,270030005000202,0.7166666666666667,0.7830684440837644
225,270030005000203,0.6333333333333333,0.6618581089768315
226,270030005000204,0.6666666666666666,0.7408295834573565
227,270030005000205,0.6833333333333333,0.85801452400763
228,270030005000206,0.7166666666666667,0.8953998152918453
229,270030005000207,0.6666666666666666,0.7909234165263105
230,270030005000208,0.38333333333333336,0.480952380952381
231,270030005000209,0.7833333333333333,0.6807761198005101
232,270030005000210,0.8,0.8043358364091469
233,270030005000211,0.6833333333333333,0.7809083007388092
234,270030005000212,0.6,0.9049001814882033
235,270030005000213,0.7166666666666667,0.6910675381263617
236,270030005000215,0.6666666666666666,0.7317465118339489
237,270030005000216,0.6833333333333333,0.7576508463917477
238,270030005000217,0.7166666666666667,0.7791666666666668
239,270030005000218,0.8,0.6666666666666666
240,270030005000219,0.7666666666666667,0.8257257601835916
241,270030005000220,0.85,0.7987537130311249
242,270030005000221,0.6833333333333333,0.8029927760577915
243,270030005000222,0.65,0.6751947519475195
244,270030005000223,0.8666666666666667,0.7238095238095238
245,270030005000224,0.7666666666666667,0.7972013366750209
246,270030005000225,0.7333333333333333,0.7961972333277023
247,270030005000226,0.6833333333333333,0.7230355665839537
248,270030005000227,0.7833333333333333,0.9183673469387754
249,270030005000228,0.6666666666666666,0.826388888888889
250,270030005000229,0.5666666666666667,0.5432858421088856
251,270030005000230,0.6833333333333333,0.8476846536548029
252,270030005000231,0.75,0.6330158730158729
253,270030005000232,0.75,0.6928483853792686
254,270030005000234,0.7166666666666667,0.5409090909090909
255,270070605000001,0.85,0.92237323837705
256,270070605000002,0.65,0.8115523892416965
257,270070605000003,0.6833333333333333,0.8870900788709007
258,270070605000004,0.8,0.8924921629676584
259,270070605000005,0.8833333333333333,0.9162654528123876
260,270070605000006,0.7,0.7946835828690807
261,270070605000007,0.7333333333333333,0.7839426878929355
262,270070605000008,0.7166666666666667,0.8295736982853548
263,270070605000009,0.7333333333333333,0.7589412938159019
264,270070605000010,0.7,0.7588141025641025
265,270070605000011,0.8,0.5380170316301703
266,270070605000012,0.7333333333333333,0.6280768345985738
267,270070605000013,0.6833333333333333,0.7859449192782525
268,270070605000014,0.6666666666666666,0.8180658518666934
269,270070605000015,0.6833333333333333,0.6875174622278579
270,270070605000016,0.7333333333333333,0.6502327348722333
271,270090405000001,0.7333333333333333,0.8371273488405094
272,270090405000002,0.6333333333333333,0.6460296427169219
273,270090405000003,0.7666666666666667,0.7809651148656861
274,270090405000004,0.6666666666666666,0.9597989949748743
275,270090405000005,0.7166666666666667,0.5987376619888538
276,270090405000006,0.7333333333333333,0.7023365500365086
277,270090405000007,0.8,0.647940702443072
278,270090405000008,0.75,0.7771023912694592
279,270090405000009,0.6,0.9203646370829034
280,270090405000010,0.8166666666666667,0.8434959349593495
281,270120905000001,0.5833333333333334,0.646017216955432
282,270120905000002,0.6666666666666666,0.848765035082574
283,270120905000003,0.65,0.7611499611499611
284,270120905000004,0.7,0.5858929440389294
285,270120905000005,0.7,0.7021392175396283
286,270120905000006,0.6666666666666666,0.7071431249062828
287,270120905000007,0.7333333333333333,0.7480359147025814
288,270120905000008,0.7166666666666667,0.5956790123456791
289,270120905000009,0.6666666666666666,0.5533924653298431
290,270120905000010,0.6833333333333333,0.6467871291912263
291,270120905000012,0.7166666666666667,0.744316172646906
292,270120905000013,0.6333333333333333,0.5426962676962678
293,270120905000014,0.6666666666666666,0.6800071626824246
294,270150605000001,0.7666666666666667,0.7744454024168275
295,270150605000002,0.6833333333333333,0.8522946859903383
296,270150605000003,0.7333333333333333,0.7294903926482874
297,270150605000004,0.7,0.6362460145094958
298,270150605000005,0.7,0.6155737134640806
299,270150605000006,0.7333333333333333,0.5313873873873873
300,270150605000007,0.7833333333333333,0.7172404023232754
301,270150605000008,0.7,0.5884328657093217
302,270150605000009,0.7,0.8039772727272728
303,270150605000010,0.75,0.7976093373727958
304,270150605000011,0.65,0.7075534868528499
305,270150605000012,0.6166666666666667,0.7063492063492064
306,270160505000001,0.8166666666666667,0.779209621993127
307,270160505000002,0.75,0.7265628245067498
308,270160505000003,0.6333333333333333,0.5715246825330081
309,270160505000004,0.6833333333333333,0.7205291946218306
310,270160505000005,0.7666666666666667,0.6747720364741641
311,270160505000006,0.7166666666666667,0.631486617831828
312,270160505000007,0.7166666666666667,0.6858073488508271
313,270160505000008,0.6333333333333333,0.6123372948500283
314,270160505000009,0.6833333333333333,0.6349821582379721
315,270160505000010,0.65,0.7245564892623717
316,270160505000011,0.6333333333333333,0.7104963437520223
317,270160505000012,0.7833333333333333,0.8437317559454964
318,270160505000013,0.6333333333333333,0.6950880717025237
319,270160505000014,0.6833333333333333,0.6816590818048688
320,270160505000015,0.7166666666666667,0.6753702437912964
321,270160505000016,0.6833333333333333,0.6453403045312786
322,270160505000017,0.7166666666666667,0.6316191789876001
323,270160505000018,0.7666666666666667,0.6164828636144221
324,270160505000019,0.7,0.6700506998520243
325,270160505000020,0.7666666666666667,0.7241585577780872
326,270160505000021,0.6666666666666666,0.6603006189213086
327,270160505000022,0.7166666666666667,0.76033934252386
328,270160505000023,0.6333333333333333,0.5928705440900562
329,270160505000024,0.5666666666666667,0.729663394109397
330,270160505000025,0.65,0.6021638483820654
331,270160505000026,0.6833333333333333,0.7812670597226772
332,270180305000001,0.7166666666666667,0.8902093553513439
333,270180305000002,0.65,0.6603932340967865
334,270180305000003,0.6666666666666666,0.6163465160075329
335,270180305000004,0.6833333333333333,0.6614491307571316
336,270180305000005,0.6833333333333333,0.7605218855218855
337,270180305000006,0.7166666666666667,0.7458722198089571
338,270180305000007,0.7333333333333333,0.7986587399043596
339,270180305000008,0.6833333333333333,0.677855477855478
340,270200905000001,0.6833333333333333,0.873289683538991
341,270200905000002,0.7333333333333333,0.8409247534134471
342,270200905000003,0.8333333333333334,0.7749011794453247
343,270200905000004,0.7166666666666667,0.7176600441501103
344,270200905000005,0.6,0.6963306461201874
345,270200905000006,0.6833333333333333,0.8048199523609361
346,270200905000007,0.7166666666666667,0.6398068302538977
347,270200905000008,0.7333333333333333,0.7271822009787186
348,270200905000009,0.6333333333333333,0.7162881718472671
349,270200905000010,0.7333333333333333,0.7521427924254779
350,270200905000011,0.6833333333333333,0.7323109871903665
351,270200905000012,0.6666666666666666,0.6747929153478349
352,270200905000013,0.7166666666666667,0.6565964288736565
353,270200905000014,0.65,0.8038643313872672
354,270200905000015,0.6666666666666666,0.8550724637681159
355,270230605000001,0.85,0.943951447551874
356,270230605000002,0.85,0.8878857841976479
357,270230605000003,0.8166666666666667,0.8899840420538815
358,270230605000004,0.65,0.9220494327999399
359,270230605000005,0.7,0.8634478881158199
360,270230605000006,0.85,0.8779610415035238
361,270230605000007,0.7833333333333333,0.9296536796536796
362,270230605000008,0.7666666666666667,0.8738271604938271
363,270230605000009,0.75,0.8692492416582406
364,270230605000010,0.65,0.7822652293240528
365,270230605000011,0.8166666666666667,0.9247884695814431
366,270230605000012,0.75,0.8622865387514267
367,270230605000013,0.7666666666666667,0.8193550579780448
368,270230605000014,0.7833333333333333,0.8936101318710015
369,270230605000015,0.75,0.8196057211686973
370,270230605000016,0.75,0.9156817191810657
371,270230605000017,0.7833333333333333,0.897790404040404
372,270230605000018,0.7666666666666667,0.8098385678496175
373,270230605000019,0.7833333333333333,0.833822629969419
374,270230605000020,0.8,0.8710118308498895
375,270230605000022,0.65,0.9117418485540516
376,270230605000023,0.7166666666666667,0.902995652432851
377,270230605000024,0.65,0.9120047523115863
378,270230605000025,0.8833333333333333,0.783579022603413
379,270230605000026,0.7,0.8615519797902137
380,270230605000027,0.7166666666666667,0.933818883088723
381,270230605000028,0.7666666666666667,0.940720260334174
382,270230605000029,0.7833333333333333,0.8327702777007975
383,270230605000030,0.6666666666666666,0.7210606833248342
384,270230605000031,0.8,0.8037142717783631
385,270230605000032,0.8,0.9112137939589405
386,270230605000034,0.8,0.8857206159299879
387,270230605000035,0.8,0.8860509925169153
388,270230605000036,0.6666666666666666,0.853386366147387
389,270230605000037,0.6833333333333333,0.8637937002422983
390,270230605000039,0.6833333333333333,0.794261491366528
391,270230605000040,0.75,0.9295253637970896
392,270230605000041,0.7333333333333333,0.8611945171114748
393,270230605000042,0.6833333333333333,0.8637681159420291
394,270230605000043,0.7166666666666667,0.819048713235294
395,270230605000044,0.8166666666666667,0.888108937476026
396,270230605000045,0.8166666666666667,0.8016171007410056
397,270230605000046,0.7833333333333333,0.8264830644195446
398,270230605000047,0.7333333333333333,0.8085007021325233
399,270230605000048,0.7,0.8321008749963174
400,270230605000049,0.65,0.9011260812613558
401,270230605000050,0.7666666666666667,0.86030880182237
402,270230610000001,0.8166666666666667,0.8438226375467535
403,270230610000002,0.7666666666666667,0.8647247484732657
404,270230610000003,0.5666666666666667,0.9217452746864511
405,270230610000004,0.6333333333333333,0.7755102040816326
406,270230610000005,0.7333333333333333,0.7531374535629854
407,270235505000001,0.7333333333333333,0.6790036220505412
408,270235505000002,0.6833333333333333,0.7458399787347156
409,270235505000003,0.6833333333333333,0.7074662049353068
410,270235505000004,0.7333333333333333,0.691762013729977
411,270235505000005,0.7,0.7253810310098294
412,270235505000006,0.65,0.6113769271664009
413,270235505000007,0.6666666666666666,0.7471642684220549
414,270235505000008,0.6833333333333333,0.6530570232621972
415,270235505000009,0.65,0.7052498037822353
416,270235505000010,0.7833333333333333,0.8247894693810808
417,270235505000011,0.65,0.7854171572090104
418,270235505000012,0.6166666666666667,0.8026515151515151
419,270235505000013,0.6833333333333333,0.6091199849489676
420,270235505000014,0.6333333333333333,0.7786597563193308
421,270235505000015,0.7166666666666667,0.6950075883725173
422,270235505000016,0.6666666666666666,0.5116523896051456
423,270235505000017,0.6833333333333333,0.3131816026552869
424,270235505000018,0.6,0.6743573330364679
425,270235505000019,0.6166666666666667,0.5876831631021575
426,270235505000020,0.6,0.6795245950175528
427,270235505000021,0.7,0.786489960551394
428,270235505000022,0.7333333333333333,0.7025329186588064
429,270235505000023,0.6833333333333333,0.7647647647647648
430,270235505000024,0.7,0.7447744774477448
431,270235505000025,0.6666666666666666,0.7462876098167777
432,270235505000026,0.6333333333333333,0.6843769765970905
433,270235505000027,0.6166666666666667,0.5496309246309247
434,270240505000001,0.8666666666666667,0.8986546265843479
435,270240505000002,0.8833333333333333,0.9326055595030467
436,270240505000003,0.8666666666666667,0.9214712643678161
437,270240505000004,0.8166666666666667,0.9250333390080581
438,270240505000005,0.7666666666666667,0.7990951332844216
439,270240505000006,0.7666666666666667,0.8765338149546112
440,270240505000007,0.8333333333333334,0.879168402752834
441,270240505000008,0.8166666666666667,0.9017208261549734
442,270240505000009,0.75,0.7902045458291441
443,270240505000010,0.7333333333333333,0.8259412993069167
444,270240505000011,0.7333333333333333,0.7938851489188087
445,270240505000012,0.7333333333333333,0.6330941043866307
446,270240505000013,0.6833333333333333,0.8766734768113208
447,270240505000014,0.6333333333333333,0.7118553960659225
448,270240505000015,0.6833333333333333,0.749426618525331
449,270240505000016,0.7333333333333333,0.9413029331102124
450,270240505000017,0.75,0.6700631636802398
451,270240505000018,0.7333333333333333,0.5749987422649293
452,270240505000019,0.75,0.8299286317243496
453,270240505000020,0.7833333333333333,0.8633597883597884
454,270240505000021,0.7666666666666667,0.7772578641982496
455,270240505000022,0.8,0.8206699346405228
456,270240505000023,0.7,0.5909872721018232
457,270240505000024,0.7166666666666667,0.7038126333428347
458,270240505000025,0.7166666666666667,0.7937762127653484
459,270240505000026,0.65,0.7113568566843841
460,270240505000027,0.75,0.6524209486166007
461,270240505000028,0.7833333333333333,0.8128959152468327
462,270240505000029,0.7166666666666667,0.6430159405893762
463,270240505000030,0.8,0.7257886276873619
464,270240505000031,0.75,0.746790374464267
465,270240505000032,0.6833333333333333,0.8913878913878914
466,270240505000033,0.75,0.959609794700878
467,270240505000034,0.7833333333333333,0.9185544768069039
468,270240505000035,0.6666666666666666,0.7605181243096696
469,270240505000036,0.8166666666666667,0.7671833179763942
470,270240505000037,0.7666666666666667,0.7225453370491538
471,270240505000038,0.7333333333333333,0.7927953790211736
472,270240505000039,0.7166666666666667,0.4234298867067228
473,270240505000040,0.7166666666666667,0.7298097251585624
474,270240505000041,0.55,0.5643767060964513
475,270240505000042,0.5333333333333333,0.46953723986856516
476,270240505000043,0.65,0.39501179642736767
477,270240505000044,0.85,0.9191942456239813
478,270240505000045,0.8166666666666667,0.9571951746212054
479,270240505000046,0.7333333333333333,0.8202012108262108
480,270240505000047,0.7166666666666667,0.63465975849719
481,270240505000048,0.7,0.8545388827029767
482,270240505000049,0.8166666666666667,0.8349607182940516
483,270240505000050,0.8166666666666667,0.9147350818145256
484,270240505000051,0.7666666666666667,0.7381204734145911
485,270240505000052,0.7,0.8455598455598455
486,270240505000053,0.7333333333333333,0.7735916002241869
487,270240505000054,0.7333333333333333,0.7380307136404697
488,270240505000055,0.7166666666666667,0.6120356196401824
489,270240505000056,0.7333333333333333,0.7233993683606087
490,270240505000057,0.7,0.6985075203959324
491,270250405000001,0.8166666666666667,0.9281888105484845
492,270250405000002,0.7333333333333333,0.6542116846738696
493,270250405000003,0.7,0.7493207131491983
494,270250405000004,0.7666666666666667,0.6324262295081967
495,270250405000005,0.75,0.5413103125209128
496,270250405000006,0.7333333333333333,0.6114888565107118
497,270250405000007,0.8,0.7513612639300323
498,270250405000008,0.75,0.5828908554572271
499,270250405000009,0.6833333333333333,0.835287512685971
500,270250405000010,0.75,0.7290533070302847
501,270250405000011,0.7333333333333333,0.4227513227513227
502,270250405000012,0.7333333333333333,0.7427595380615516
503,270255305000001,0.7166666666666667,0.7944428280477159
504,270255305000002,0.6666666666666666,0.6380940677705754
505,270255305000003,0.7166666666666667,0.5831216931216932
506,270255305000004,0.6666666666666666,0.7039955177364569
507,270255305000005,0.7,0.6375800906391623
508,270255305000006,0.6833333333333333,0.6071773414869649
509,270255305000007,0.75,0.7758424645772709
510,270255305000008,0.7666666666666667,0.8009324009324009
511,270255305000009,0.7166666666666667,0.6589698656495894
512,270255305000010,0.8166666666666667,0.6865550974209716
513,270255305000011,0.6666666666666666,0.7082537082537081
514,270255305000012,0.7,0.8278573214955608
515,270255305000013,0.75,0.5032646507894033
516,270255305000014,0.6833333333333333,0.6650228849844972
517,270255305000015,0.8166666666666667,0.6469979296066253
518,270255305000016,0.7333333333333333,0.6612846612846613
519,270255305000017,0.6833333333333333,0.6237356534376601
520,270255305000018,0.7166666666666667,0.6862793776895068
521,270255305000019,0.7,0.7536607840825221
522,270255305000020,0.8,0.7757124595834274
523,270255305000021,0.7166666666666667,0.738581178453925
524,270255305000022,0.7333333333333333,0.6479054761225144
525,270255305000023,0.7666666666666667,0.663953488372093
526,270255305000024,0.65,0.8301282051282052
527,270255305000025,0.6833333333333333,0.7082118317412435
528,270255305000026,0.8,0.7444444444444445
529,270260305000001,0.8,0.8044740834832927
530,270260305000002,0.7,0.8601449275362318
531,270260305000003,0.7666666666666667,0.7156023699802502
532,270260305000004,0.7166666666666667,0.7983004012415776
533,270260305000005,0.8,0.6835405983241071
534,270260305000006,0.7,0.8133040221462302
535,270260305000007,0.7166666666666667,0.745932848736587
536,270260305000008,0.7333333333333333,0.7243063656767837
537,270260305000009,0.8,0.7931876307835388
538,270260305000010,0.7666666666666667,0.7315356250026892
539,270260305000011,0.7,0.5266243282852955
540,270260305000012,0.7333333333333333,0.734984984984985
541,270260305000013,0.7,0.6468039185930835
542,270260305000014,0.6833333333333333,0.5989640048396855
543,270260305000015,0.65,0.6403065134099616
544,270260305000016,0.7166666666666667,0.6958437537215673
545,270260305000017,0.7666666666666667,0.8315232525758841
546,270260305000018,0.6666666666666666,0.5964513018322083
547,270260305000019,0.6666666666666666,0.6085469214437368
548,270260305000020,0.7,0.629120654396728
549,270260305000021,0.8,0.6982382026787001
550,270260305000022,0.65,0.6188430698739977
551,270260305000023,0.7333333333333333,0.6453097670993281
552,270260305000024,0.7833333333333333,0.7466979288784682
553,270260305000025,0.6666666666666666,0.7326344086021505
554,270260305000026,0.75,0.5215087942360669
555,270260305000027,0.8,0.8480046948356806
556,270260305000028,0.7166666666666667,0.7534753031647442
557,270260305000029,0.65,0.7401477771318118
558,270260305000030,0.8,0.6911347517730496
559,270260305000031,0.6333333333333333,0.6877777777777778
560,270260305000032,0.7,0.7092490842490843
561,270260305000033,0.75,0.5097532989099254
562,270260305000034,0.6833333333333333,0.8254738472753781
563,270290005000001,0.7833333333333333,0.8328975738343732
564,270290005000002,0.75,0.6958414956868406
565,270290005000003,0.8166666666666667,0.7249127670180302
566,270290005000004,0.8166666666666667,0.7874926817243398
567,270290005000005,0.7166666666666667,0.7930900243309003
568,270290005000006,0.8,0.8414286368738116
569,270290005000007,0.8166666666666667,0.7776782024664805
570,270290005000008,0.75,0.6441102756892231
571,270290005000009,0.8,0.6817700578990902
572,270290005000010,0.7833333333333333,0.669218282513209
573,270290005000011,0.7833333333333333,0.5480580884836205
574,270290005000012,0.7666666666666667,0.6583333333333333
575,270290005000013,0.75,0.5657248972012203
576,270290005000014,0.6833333333333333,0.506453282194116
577,270290005000015,0.6666666666666666,0.6886878616452946
578,270290005000016,0.6833333333333333,0.7774891774891776
579,270290005000017,0.7333333333333333,0.7411517444304329
580,270290005000018,0.7333333333333333,0.7331176286400166
581,270290005000019,0.7833333333333333,0.7490888193215675
582,270290005000020,0.75,0.696345363179534
583,270290005000021,0.7666666666666667,0.7031221180353039
584,270290005000022,0.7,0.6982319448606532
585,270290005000023,0.8,0.6674264401160381
586,270290005000024,0.7333333333333333,0.7593089867525958
587,270290005000025,0.65,0.6466272189349113
588,270290005000026,0.75,0.6983180088906419
589,270290005000027,0.7333333333333333,0.8051529790660226
590,270290005000028,0.7666666666666667,0.7235346889952153
591,270290005000029,0.6833333333333333,0.63600914347183
592,270290005000030,0.7,0.6772388059701493
593,270290005000031,0.6833333333333333,0.5867117117117117
594,270290005000032,0.75,0.7100370874606826
595,270290005000033,0.7166666666666667,0.7094017094017094
596,270290005000034,0.7,0.5728557504873294
597,270290005000035,0.7333333333333333,0.7349454240134342
598,270290005000036,0.8166666666666667,0.6875965725523248
599,270290005000037,0.7666666666666667,0.8340840840840841
600,270290005000038,0.7666666666666667,0.5053544532168098
601,270290005000039,0.7333333333333333,0.8032964649750597
602,270290005000040,0.75,0.7494110055673104
603,270290005000041,0.8166666666666667,0.7366165427543928
604,270290005000042,0.6333333333333333,0.8121035441466246
605,270290005000043,0.8166666666666667,0.7661157024793388
606,270290005000044,0.7166666666666667,0.7088569808053972
607,270290005000045,0.5833333333333334,0.7026521294378884
608,270290005000046,0.65,0.5707104489713185
609,270290005000047,0.6166666666666667,0.7598196675119752
610,270290005000048,0.6833333333333333,0.6692406692406693
611,270290005000049,0.7833333333333333,0.7235634057434135
612,270290005000050,0.75,0.6627901333430398
613,270290005000051,0.7333333333333333,0.8978190391983495
614,270290005000052,0.75,0.6784878277153558
615,270290005000053,0.7333333333333333,0.8015810276679841
616,270290005000054,0.75,0.6128371868978806
617,270290005000056,0.4666666666666667,0.6464646464646465
618,270310605000001,0.7166666666666667,0.7411486432614877
619,270310605000002,0.7666666666666667,0.7864649778263774
620,270310605000003,0.7833333333333333,0.6540550621255565
621,270310605000004,0.75,0.7150384204796483
622,270310605000005,0.8,0.697692596003714
623,270310605000006,0.8,0.8083242059145673
624,270310605000007,0.8,0.5316091954022989
625,270310605000008,0.7333333333333333,0.6307720057720058
626,270310605000009,0.8666666666666667,0.949569495694957
627,270310605000010,0.8166666666666667,0.790768380320619
628,270310605000011,0.7,0.7240346729708432
629,270310605000012,0.7333333333333333,0.8150262014055327
630,270310605000013,0.7833333333333333,0.835666932672809
631,270310605000014,0.7,0.7101503759398496
632,270310605000015,0.7,0.7299870488991563
633,270310605000016,0.75,0.7125612195626682
634,270310605000017,0.7166666666666667,0.6096123328043528
635,270310605000018,0.7333333333333333,0.7565073041168658
636,270310605000019,0.7833333333333333,0.6761089488863691
637,270310605000020,0.7833333333333333,0.7455400727789119
638,270310605000021,0.75,0.7701413860212144
639,270310605000022,0.5666666666666667,0.681704260651629
640,270310605000023,0.7,0.6942925906824824
641,270310605000024,0.6833333333333333,0.690888989396452
642,270310605000025,0.7666666666666667,0.5466315049226441
643,270310605000026,0.6666666666666666,0.4121031746031745
644,270310605000027,0.7666666666666667,0.6029746281714785
645,270310605000028,0.7166666666666667,0.7850908498941859
646,270310605000029,0.8,0.6466581378820185
647,270310605000030,0.8,0.6092006033182503
648,270310605000031,0.75,0.7012390880888825
649,270310605000032,0.7666666666666667,0.8185779362249951
650,270310605000033,0.7833333333333333,0.5249435815744059
651,270310605000034,0.7333333333333333,0.7090996066758796
652,270310605000035,0.6666666666666666,0.5796712512579671
653,270310605000036,0.7,0.7185052673424767
654,270320505000001,0.8333333333333334,0.8126500558872031
655,270320505000002,0.8333333333333334,0.7908181669126085
656,270320505000003,0.7666666666666667,0.4846992315764531
657,270320505000004,0.7666666666666667,0.798632762711532
658,270320505000005,0.6666666666666666,0.7075
659,270320505000006,0.85,0.7864298724954463
660,270320505000007,0.8,0.8121223969242513
661,270320505000008,0.7833333333333333,0.6424740010946908
662,270320505000009,0.7833333333333333,0.5885592100918037
663,270320505000010,0.7333333333333333,0.7036275819545782
664,270320505000011,0.7833333333333333,0.7372007610956238
665,270320505000012,0.7666666666666667,0.756624785285546
666,270320505000013,0.6833333333333333,0.7207561922314373
667,270320505000014,0.6,0.7538461538461538
668,270320505000015,0.7,0.6368772991273879
669,270320505000016,0.9333333333333333,0.8519508813626461
670,270320505000017,0.6833333333333333,0.857866698710246
671,270320505000018,0.85,0.659010242368928
672,270320505000019,0.7666666666666667,0.7631326289196698
673,270320505000020,0.7333333333333333,0.8244025157232704
674,270320505000021,0.6833333333333333,0.5857507754059479
675,270320505000022,0.7333333333333333,0.5210174029451138
676,270320505000023,0.6333333333333333,0.8100241796200346
677,270320505000024,0.6166666666666667,0.8043717415219783
678,270320505000025,0.7666666666666667,0.6454545454545455
679,270320505000026,0.7166666666666667,0.6980665757021858
680,270320505000027,0.7333333333333333,0.7208434439292378
681,270320505000028,0.7333333333333333,0.7102782746679722
682,270320505000029,0.6833333333333333,0.6524599542334096
683,270320505000030,0.7333333333333333,0.7027023951755135
684,270320505000031,0.6166666666666667,0.7338501291989664
685,270320505000032,0.8,0.669047619047619
686,270320505000033,0.65,0.6253929406646
687,270320505000034,0.7166666666666667,0.5173745173745173
688,270320505000035,0.55,0.7791710205503309
689,270330405000001,0.7166666666666667,0.6981258366800535
690,270330405000002,0.7833333333333333,0.7947330447330447
691,270330405000003,0.7666666666666667,0.8716538011695906
692,270330405000004,0.7333333333333333,0.7581866326028236
693,270330405000005,0.6666666666666666,0.5171199373899432
694,270330405000006,0.6666666666666666,0.6348770726129217
695,270330405000007,0.7833333333333333,0.7322641112450029
696,270330405000008,0.7166666666666667,0.5546033123598756
697,270330405000009,0.7333333333333333,0.7121278061872122
698,270330405000010,0.6333333333333333,0.5092367542499546
699,270330405000011,0.65,0.9151331900251183
700,270330405000012,0.7166666666666667,0.8235702827248669
701,270330405000013,0.6666666666666666,0.7591145238204061
702,270330405000014,0.7333333333333333,0.6688065689051651
703,270330405000015,0.6333333333333333,0.5318479406381986
704,270330405000016,0.5166666666666667,0.6453735965931088
705,270330405000017,0.6,0.7938815689837954
706,270330405000018,0.7333333333333333,0.6919716312056737
707,270330405000019,0.7,0.8586388500931098
708,270330405000020,0.7333333333333333,0.7030051403716883
709,270330405000021,0.5666666666666667,0.6991133748349369
710,270340305000001,0.7333333333333333,0.7000459136822773
711,270340305000002,0.7833333333333333,0.797196261682243
712,270340305000003,0.6666666666666666,0.75
713,270340305000004,0.6833333333333333,0.7159994002099266
714,270340305000005,0.8666666666666667,0.8226495726495727
715,270340305000006,0.7166666666666667,0.8426763110307415
716,270340305000007,0.7,0.8215966746133626
717,270370005000001,0.7166666666666667,0.7634606317774635
718,270370005000002,0.7166666666666667,0.7816654580613971
719,270370005000003,0.7333333333333333,0.6462038999122414
720,270370005000004,0.6166666666666667,0.6843865791157789
721,270370005000005,0.7,0.7524932697014194
722,270370005000006,0.7333333333333333,0.7115708632106892
723,270370005000007,0.6333333333333333,0.6734022366668012
724,270410405000001,0.7,0.6389760348583878
725,270410405000002,0.7166666666666667,0.759403916030422
726,270410405000003,0.75,0.7410708777990255
727,270410405000004,0.7666666666666667,0.7124542124542125
728,270410405000005,0.6666666666666666,0.6294697494007749
729,270410405000006,0.6166666666666667,0.48215369009378134
730,270410405000007,0.65,0.6909217181644259
731,270410405000008,0.8166666666666667,0.853247620782691
732,270410405000009,0.7,0.6358539759012833
733,270410405000010,0.7,0.7139133120870346
734,270410405000011,0.6666666666666666,0.6853526220614828
735,270410405000012,0.6666666666666666,0.6405312105520777
736,270410405000013,0.7,0.630432402846196
737,270410405000014,0.7166666666666667,0.7121150454483788
738,270410405000015,0.75,0.737430426716141
739,270410405000016,0.6833333333333333,0.671952557014122
740,270410405000017,0.7166666666666667,0.801957671957672
741,270410405000018,0.6333333333333333,0.6726597948163491
742,270410405000019,0.7166666666666667,0.6883256528417818
743,270410405000020,0.6833333333333333,0.6294108873974645
744,270410405000021,0.65,0.5396825396825397
745,270410405000022,0.6166666666666667,0.602034632034632
746,270440105000001,0.85,0.8112745098039215
747,270440105000002,0.7166666666666667,0.754391707583197
748,270440105000003,0.8,0.6969021289153762
749,270440105000004,0.7666666666666667,0.7538515994064339
750,270440105000005,0.7,0.8620033148219898
751,270440105000006,0.8,0.8665061776038124
752,270440105000007,0.7333333333333333,0.8098529782592013
753,270440105000008,0.7166666666666667,0.6578272027373824
754,270440105000009,0.7166666666666667,0.7023788376706043
755,270440105000010,0.6833333333333333,0.7543385170160019
756,270440105000011,0.7666666666666667,0.7724689364772398
757,270440105000012,0.6333333333333333,0.7239057239057239
758,270440105000013,0.7666666666666667,0.7973808897078177
759,270440105000014,0.8,0.7082977909011374
760,270440105000015,0.6833333333333333,0.7204107948788799
761,270440105000016,0.6833333333333333,0.5405546834118263
762,270440105000017,0.5333333333333333,0.6965028679241924
763,270440110000001,0.75,0.818674914828761
764,270440110000002,0.7666666666666667,0.47467598124827654
765,270440110000003,0.6666666666666666,0.7315375302663439
766,270440110000004,0.7166666666666667,0.667216508841598
767,270440110000005,0.7666666666666667,0.5824244473879511
768,270460905000001,0.6333333333333333,0.8015881383303629
769,270460905000002,0.8333333333333334,0.8764279643315037
770,270460905000003,0.7666666666666667,0.6716576565632023
771,270460905000004,0.75,0.7892550911039656
772,270460905000005,0.65,0.8151965710653576
773,270460905000006,0.5833333333333334,0.5874616280300624
774,270460905000007,0.7333333333333333,0.8018867924528301
775,270460905000008,0.6666666666666666,0.8116058296563712
776,270460905000009,0.7166666666666667,0.6039512027610076
777,270460905000010,0.65,0.7541021156088622
778,270460905000011,0.65,0.711693029835391
779,270460905000012,0.65,0.7792786923221705
780,270460905000013,0.6666666666666666,0.7421873486389616
781,270460905000014,0.8166666666666667,0.8711459160897363
782,270460905000015,0.7,0.5649651274651274
783,270500205000001,0.65,0.7103359252753725
784,270500205000002,0.75,0.7840477872863835
785,270500205000003,0.7,0.6128397078172497
786,270500205000004,0.7,0.771858534645591
787,270500205000005,0.7166666666666667,0.4954956872091703
788,270500205000006,0.65,0.5444046604148906
789,270500205000007,0.65,0.4849211832259077
790,270500205000008,0.65,0.47357187696170744
791,270500205000009,0.6333333333333333,0.5439328334565424
792,270500205000010,0.6833333333333333,0.5738437386789035
793,270500205000011,0.6666666666666666,0.572510060362173
794,270500205000012,0.65,0.5940055841345938
795,270500205000013,0.6333333333333333,0.6342225082838685
796,270500205000014,0.6833333333333333,0.5954192580830137
797,270500205000015,0.6166666666666667,0.6919191919191919
798,270500205000016,0.65,0.7319993880226101
799,270500205000017,0.7333333333333333,0.901813356921716
800,270500205000018,0.65,0.7528854554651216
801,270500205000019,0.7,0.7031342719965474
802,270500205000020,0.6833333333333333,0.5541608554160856
803,270500205000021,0.7166666666666667,0.7400351821192053
804,270500205000022,0.6666666666666666,0.5215323397141579
805,270500205000023,0.7,0.7317013095674573
806,270500205000024,0.75,0.6565035937862277
807,270500205000025,0.6333333333333333,0.6156578402702667
808,270500205000026,0.65,0.5909090909090909
809,270500205000027,0.6666666666666666,0.7740740740740741
810,270500205000028,0.5666666666666667,0.6481981981981982
811,270500205000029,0.7333333333333333,0.7359195402298851
812,270500205000030,0.5833333333333334,0.56453647443414
813,270530905000001,0.85,0.733308696723331
814,270530905000002,0.7833333333333333,0.6642185285401365
815,270530905000003,0.75,0.6344777044929252
816,270530905000004,0.7166666666666667,0.6067324727916983
817,270530905000005,0.7666666666666667,0.5293822199899548
818,270530905000006,0.7666666666666667,0.6008342922899885
819,270530905000007,0.7,0.7185972054364651
820,270530905000008,0.8,0.5909043659043659
821,270530905000009,0.5833333333333334,0.5
822,270540805000001,0.7,0.8503941521577557
823,270540805000002,0.7666666666666667,0.7139984198807728
824,270540805000003,0.8166666666666667,0.7832083958020989
825,270540805000004,0.6333333333333333,0.7995465847593973
826,270540805000005,0.6,0.6069334253190756
827,270540805000006,0.6666666666666666,0.5471798732668298
828,270540805000007,0.7333333333333333,0.7962586570310147
829,270540805000008,0.6,0.7229654403567447
830,270540805000009,0.6666666666666666,0.6585702384671457
831,270540805000010,0.6333333333333333,0.5793870076463407
832,270570505000001,0.8,0.7495073145790206
833,270570505000002,0.7166666666666667,0.7169031031942827
834,270570505000003,0.8,0.7443410208942485
835,270570505000004,0.8,0.9134546284149888
836,270570505000005,0.7833333333333333,0.7886710239651417
837,270570505000006,0.75,0.7837652514456179
838,270570505000007,0.7666666666666667,0.8651599891343581
839,270570505000008,0.7166666666666667,0.8402874230230154
840,270570505000009,0.8,0.8736187724367394
841,270570505000010,0.5666666666666667,0.9050411953637759
842,270570505000011,0.65,0.81157271034366
843,270570505000012,0.7333333333333333,0.7228250244379276
844,270570505000013,0.8,0.5847431491761389
845,270570505000014,0.7333333333333333,0.631772437872253
846,270570505000015,0.6666666666666666,0.5537017726798749
847,270570505000016,0.7666666666666667,0.7530864197530865
848,270570505000017,0.7333333333333333,0.7142412239723835
849,270570505000018,0.7666666666666667,0.6370090194937446
850,270570505000019,0.8166666666666667,0.6495388669301713
851,270570505000020,0.6333333333333333,0.6583506241148767
852,270570505000021,0.6833333333333333,0.6021301675507282
853,270570505000022,0.7333333333333333,0.6602009873944316
854,270580405000001,0.7833333333333333,0.5849202264539373
855,270580405000002,0.8333333333333334,0.6608837970540098
856,270580405000003,0.8,0.7472706155632984
857,270580405000004,0.7,0.5298093430920755
858,270580405000005,0.8166666666666667,0.7195460812387315
859,270580405000006,0.7833333333333333,0.7703912732787913
860,270580405000008,0.7,0.5774019706752758
861,270580405000009,0.8333333333333334,0.8185698730423501
862,270580405000010,0.7333333333333333,0.7083066225433292
863,270590305000001,0.6666666666666666,0.7908341982962569
864,270590305000002,0.65,0.627249703079087
865,270590305000003,0.6333333333333333,0.4334983127109111
866,270590305000004,0.7,0.6674830973338436
867,270590305000005,0.6833333333333333,0.7798217643692258
868,270590305000006,0.55,0.6222521645831774
869,270590305000007,0.6666666666666666,0.6073183904941939
870,270600005000001,0.65,0.7874205134856848
871,270600005000002,0.6,0.6769834760950125
872,270600005000003,0.6166666666666667,0.8608749351783408
873,270600005000004,0.6666666666666666,0.7468891281656146
874,270600005000005,0.7166666666666667,0.839238828176046
875,270600005000006,0.65,0.7870409160731741
876,270600005000007,0.6,0.6079502508073936
877,270600005000008,0.6333333333333333,0.6769073308030192
878,270600005000009,0.65,0.5964678228829172
879,270600005000010,0.7666666666666667,0.5448846205148726
880,270600005000011,0.7166666666666667,0.6492654064672462
881,270610905000001,0.7666666666666667,0.7452192322759926
882,270610905000002,0.6833333333333333,0.7829882677708765
883,270610905000003,0.7666666666666667,0.8455054149760999
884,270610905000004,0.7666666666666667,0.6601580660158066
885,270610905000005,0.6833333333333333,0.8372267567314008
886,270610905000006,0.6,0.6014838910731742
887,270610905000007,0.65,0.6537291389750406
888,270610905000008,0.6333333333333333,0.698226176487046
889,270610905000009,0.6166666666666667,0.6909772038896859
890,270610905000010,0.6166666666666667,0.781231545605841
891,270610905000011,0.6666666666666666,0.6778781793842036
892,270620805000001,0.7666666666666667,0.7473814052206511
893,270620805000002,0.7333333333333333,0.7641668351189272
894,270620805000003,0.65,0.6583557183557183
895,270620805000004,0.7166666666666667,0.6019419899156307
896,270620805000005,0.7333333333333333,0.8470506832727902
897,270630705000001,0.7666666666666667,0.8902403846153847
898,270630705000002,0.85,0.9376283156770961
899,270630705000003,0.8666666666666667,0.9763779527559056
900,270630705000004,0.7833333333333333,0.9573474154564843
901,270630705000005,0.8166666666666667,0.9147198480531814
902,270630705000006,0.8333333333333334,0.6212121212121212
903,270630705000007,0.75,0.7953950811093669
904,270630705000008,0.6666666666666666,0.7105248564072094
905,270630705000009,0.8,0.8173683275601741
906,270630705000010,0.7166666666666667,0.7639083441418072
907,270630705000011,0.75,0.8225974025974025
908,270630705000012,0.7333333333333333,0.739463807611398
909,270630705000013,0.0,0.9274509803921568
910,270630705000014,0.7666666666666667,0.8062232905982906
911,270630705000015,0.6833333333333333,0.8612368930742003
912,270630705000016,0.7833333333333333,0.6234424055549157
913,270630705000017,0.75,0.8192712550607286
914,270630705000018,0.6666666666666666,0.6357212475633528
915,270630705000019,0.6666666666666666,0.6121597456785218
916,270630705000020,0.6833333333333333,0.562976424857388
917,270630705000021,0.6833333333333333,0.794559404208527
918,270630705000022,0.8166666666666667,0.7531502767134951
919,270630705000023,0.7833333333333333,0.7390761548064919
920,270630705000024,0.7833333333333333,0.9024569200452811
921,270630705000025,0.7333333333333333,0.9510144927536232
922,270630705000026,0.7833333333333333,0.9241856769946658
923,270630705000027,0.8666666666666667,0.9417289350586234
924,270630705000028,0.8666666666666667,0.9763861850169443
925,270630705000029,0.8,0.9420994363929146
926,270630705000030,0.8666666666666667,0.9688775346251486
927,270630705000031,0.7666666666666667,0.9047439318019133
928,270630705000032,0.7333333333333333,0.9748962148962149
929,270630705000033,0.7333333333333333,0.939262840904271
930,270630705000034,0.7833333333333333,0.9064814814814816
931,270630705000035,0.8166666666666667,0.9416362246198284
932,270630705000036,0.8833333333333333,0.9268561307942461
933,270630705000037,0.8833333333333333,0.9120543130221247
934,270630705000038,0.8666666666666667,0.9592959295929594
935,270630705000039,0.85,0.9793317363798293
936,270630705000040,0.6666666666666666,0.9062246905009834
937,270630705000041,0.8,0.9781696053736356
938,270630705000042,0.7666666666666667,0.9416291291291291
939,270630705000043,0.75,0.6705759162303665
940,270630705000044,0.85,0.9384103042554294
941,270630705000045,0.7833333333333333,0.9187916026625703
942,270630705000046,0.8833333333333333,0.9321598826549321
943,270630705000047,0.7166666666666667,0.670674034249303
944,270630705000048,0.8,0.9148012481345814
945,270630705000049,0.7666666666666667,0.8251043969540653
946,270630705000050,0.7166666666666667,0.7883079157588962
947,270630705000051,0.6666666666666666,0.7893698838758804
948,270630705000052,0.7666666666666667,0.9324106901314196
949,270630705000053,0.7666666666666667,0.8587629107157478
950,270630705000054,0.7333333333333333,0.8157737273313082
951,270630705000055,0.7666666666666667,0.7491656146782645
952,270630705000056,0.8333333333333334,0.8761785040854808
953,270630705000057,0.5166666666666667,0.6654135338345865
954,270630705000058,0.7833333333333333,0.7882032552522601
955,270630705000059,0.7166666666666667,0.6736355818238314
956,270630705000060,0.7666666666666667,0.701851953246198
957,270630705000061,0.8333333333333334,0.8435449023684317
958,270630705000062,0.7333333333333333,0.815581098339719
959,270630705000063,0.6833333333333333,0.8073417882862787
960,270630705000064,0.7333333333333333,0.8164126162400537
961,270630705000065,0.75,0.8316340685254543
962,270630705000066,0.7333333333333333,0.7105428942004818
963,270630705000067,0.7,0.8497303028905998
964,270630705000068,0.7833333333333333,0.7919906870135175
965,270630705000069,0.7666666666666667,0.7258064516129034
966,270630705000070,0.75,0.7036822826296509
967,270630705000071,0.8,0.7211673360107095
968,270630705000072,0.8166666666666667,0.8052799595792569
969,270630705000073,0.7833333333333333,0.8405863276082095
970,270630705000074,0.7166666666666667,0.6557079950873198
971,270630705000075,0.8333333333333334,0.7773491910425373
972,270630705000076,0.8,0.8698203153648697
973,270630705000077,0.7166666666666667,0.8688869035801733
974,270630705000078,0.7166666666666667,0.7225529888068588
975,270630705000079,0.7833333333333333,0.8645185826317308
976,270630705000080,0.75,0.7288191330343796
977,270630705000081,0.8333333333333334,0.854714198976494
978,270630705000082,0.8,0.8689242730059057
979,270630705000083,0.7833333333333333,0.6448155880306193
980,270630705000084,0.7666666666666667,0.69593868634052
981,270630705000085,0.75,0.8369692346809052
982,270630705000086,0.7666666666666667,0.7390442890442891
983,270630705000087,0.7833333333333333,0.8534798534798536
984,270630705000088,0.65,0.8456067403435824
985,270630705000089,0.7166666666666667,0.6805569062206231
986,270630705000090,0.8166666666666667,0.8014427232231899
987,270630705000091,0.7166666666666667,0.7241584240868812
988,270630705000092,0.7666666666666667,0.8551724137931034
989,270630705000093,0.75,0.8388888888888889
990,270630705000094,0.7166666666666667,0.6897644927536232
991,270630705000095,0.6833333333333333,0.7304818495372741
992,270630705000096,0.7166666666666667,0.6760128673274214
993,270630705000097,0.9166666666666666,0.7411858974358975
994,270630705000098,0.7,0.5205728473884899
995,270630710000001,0.65,0.5618099302309828
996,270630710000002,0.7666666666666667,0.6923076923076924
997,270630710000003,0.8333333333333334,0.7121362917861952
998,270630710000004,0.75,0.6551169590643274
999,270630715000001,0.8833333333333333,0.7085006230098297
1000,270630715000002,0.8333333333333334,0.691503719039951
1001,270630715000003,0.7833333333333333,0.7883108335012426
1002,270630715000004,0.8333333333333334,0.7164928085980717
1003,270630715000005,0.8,0.7511851899521634
1004,270630715000006,0.7333333333333333,0.8824786324786325
1005,270630715000007,0.7833333333333333,0.8561513656651077
1006,270640605000001,0.8333333333333334,0.9191135143516096
1007,270640605000002,0.85,0.9125558485314583
1008,270640605000003,0.7333333333333333,0.8182152173114369
1009,270640605000004,0.75,0.7283769184986398
1010,270640605000005,0.75,0.768740716390289
1011,270640605000006,0.8,0.6862000653934183
1012,270640605000007,0.7666666666666667,0.881142058500549
1013,270640605000008,0.9166666666666666,0.9068533293932229
1014,270640605000009,0.9166666666666666,0.7874213836477987
1015,270640605000010,0.7166666666666667,0.5904915812478838
1016,270640605000011,0.7166666666666667,0.6484418101841497
1017,270640605000012,0.7333333333333333,0.7268695519192537
1018,270640605000013,0.65,0.5384920634920635
1019,270640605000014,0.6166666666666667,0.6376330353341848
1020,270640605000015,0.7333333333333333,0.7472465892191306
1021,270640605000016,0.7333333333333333,0.636958386958387
1022,270640605000017,0.75,0.7884794943618473
1023,270640605000018,0.7833333333333333,0.6741318918459225
1024,270640605000019,0.8666666666666667,0.7489385093638639
1025,270640605000020,0.8333333333333334,0.8462650602409639
1026,270640605000021,0.7,0.6328970300967353
1027,270640605000022,0.7833333333333333,0.533455924987161
1028,270640605000023,0.7,0.77098899958489
1029,270640610000001,0.8166666666666667,0.7657759024847633
1030,270640610000002,0.8666666666666667,0.8030329747839887
1031,270640610000003,0.8,0.8086531135971771
1032,270640610000004,0.65,0.6803715967623253
1033,270642205000001,0.7,0.7573902459997751
1034,270642205000002,0.7,0.8458176438945669
1035,270642205000003,0.7666666666666667,0.885873401835438
1036,270642205000004,0.95,0.8061174947402492
1037,270642205000006,0.6,0.6532505252749969
1038,270642205000007,0.6833333333333333,0.8778005464480874
1039,270642205000008,0.7333333333333333,0.7914938506293384
1040,270642205000009,0.8166666666666667,0.8752941176470589
1041,270642205000010,0.75,0.63404656090885
1042,270642205000011,0.7333333333333333,0.6747328090340794
1043,270642205000012,0.7333333333333333,0.8085242670608523
1044,270642205000013,0.6833333333333333,0.7695133149678605
1045,270642205000014,0.7,0.5386535033593857
1046,270642205000015,0.7833333333333333,0.5596443228454172
1047,270642205000016,0.8,0.8035681467972914
1048,270642205000017,0.55,0.7207792207792209
1049,270642205000018,0.7666666666666667,0.7193576308386658
1050,270660405000001,0.6833333333333333,0.8465386396836142
1051,270660405000002,0.7333333333333333,0.8274406079253408
1052,270660405000003,0.75,0.7793200426390873
1053,270660405000004,0.7166666666666667,0.647348666000029
1054,270660405000005,0.65,0.7120183018621908
1055,270660405000006,0.6666666666666666,0.8575809852405597
1056,270660405000007,0.7166666666666667,0.8066703519439837
1057,270660405000008,0.7166666666666667,0.7058212058212058
1058,270660405000009,0.6,0.5222222222222223
1059,270660405000010,0.6,0.8742138364779874
1060,270670305000001,0.85,0.9369325477180107
1061,270670305000002,0.8166666666666667,0.8447216205433362
1062,270670305000003,0.8666666666666667,0.8972058446552166
1063,270670305000004,0.85,0.8726629530029454
1064,270670305000005,0.85,0.9167828299590663
1065,270670305000006,0.9833333333333333,0.9214454846246727
1066,270670305000007,0.8,0.855923935217214
1067,270670305000008,0.7833333333333333,0.7710937345733863
1068,270670305000009,0.75,0.8586845919028091
1069,270670305000010,0.8166666666666667,0.7328001548898272
1070,270670305000011,0.9,0.9661138211382113
1071,270670305000012,0.8166666666666667,0.8789214891662613
1072,270670305000013,0.7,0.8105579228028207
1073,270670305000014,0.85,0.9537254901960784
1074,270670305000015,0.8333333333333334,0.9201631701631702
1075,270670305000016,0.7333333333333333,0.9635976418154636
1076,270670305000017,0.8333333333333334,0.8556783391508094
1077,270670305000018,0.7333333333333333,0.7703659976387249
1078,270670305000019,0.75,0.7107316600224705
1079,270670305000020,0.7666666666666667,0.8331106252024619
1080,270670305000021,0.7,0.702786365669175
1081,270670305000022,0.7166666666666667,0.7413444912289965
1082,270670305000023,0.6166666666666667,0.9325139861680102
1083,270670305000024,0.65,0.9167177336988658
1084,270670305000025,0.6333333333333333,0.8992918351850991
1085,270670305000026,0.7333333333333333,0.9174192311379542
1086,270670305000027,0.6666666666666666,0.8662210917049258
1087,270670305000028,0.75,0.9408549526913621
1088,270670305000029,0.7166666666666667,0.8042926498148066
1089,270670305000030,0.7833333333333333,0.8419760600527489
1090,270670305000031,0.7166666666666667,0.802216415021293
1091,270670305000032,0.7,0.8977923657557524
1092,270670305000033,0.7,0.7962482964055514
1093,270670305000034,0.6166666666666667,0.7670067034488556
1094,270670305000035,0.7333333333333333,0.7977985948477752
1095,270670305000036,0.7666666666666667,0.8084681769147788
1096,270670305000037,0.75,0.7472277732063791
1097,270670305000038,0.7,0.7622956965062228
1098,270670305000039,0.7,0.7426659332599926
1099,270670305000040,0.6666666666666666,0.7014321295143212
1100,270670305000041,0.7166666666666667,0.7026488799636615
1101,270670305000042,0.6666666666666666,0.7924148130502536
1102,270670305000043,0.7,0.8046944444444444
1103,270670305000044,0.6833333333333333,0.7716703716703717
1104,270670305000045,0.75,0.7708483413948063
1105,270670305000046,0.65,0.5571708448282756
1106,270670305000047,0.85,0.8476747424115846
1107,270670305000048,0.8,0.7844226579520698
1108,270670305000049,0.8,0.6522924701024503
1109,270670305000050,0.6833333333333333,0.7282757403239332
1110,270670305000051,0.6833333333333333,0.9096371287179646
1111,270670305000052,0.75,0.7419113394345592
1112,270670305000053,0.7,0.6561900918171728
1113,270670305000054,0.85,0.6871459694989106
1114,270670305000055,0.6666666666666666,0.8558639379497244
1115,270670305000056,0.65,0.7260548150626785
1116,270670305000057,0.7,0.8133262449051922
1117,270670305000058,0.65,0.6518467852257183
1118,270670305000059,0.6833333333333333,0.7810702929436438
1119,270670305000060,0.7,0.8396464530857527
1120,270670305000061,0.7,0.8935995192971972
1121,270670305000062,0.6833333333333333,0.7545844586648499
1122,270670305000063,0.5166666666666667,0.75578737715088
1123,270670305000064,0.6833333333333333,0.7673054587688733
1124,270670305000065,0.4666666666666667,0.7849849849849849
1125,270670305000066,0.75,0.683903252710592
1126,270670305000067,0.6833333333333333,0.8085850111856824
1127,270670305000068,0.65,0.8625914315569488
1128,270710705000001,0.8333333333333334,0.7624697115164815
1129,270710705000002,0.65,0.781928180268816
1130,270710705000003,0.75,0.9463223787167448
1131,270710705000004,0.7333333333333333,0.8872126436781609
1132,270710705000005,0.7,0.928930201218952
1133,270710705000006,0.6333333333333333,0.9621196246885987
1134,270710705000007,0.7333333333333333,0.9382435710819991
1135,270710705000008,0.8,0.6975003124609424
1136,270710705000009,0.75,0.7533278800844555
1137,270710705000010,0.8333333333333334,0.8613671788020486
1138,270710705000011,0.7833333333333333,0.8252390972755714
1139,270710705000012,0.7333333333333333,0.6818209607654332
1140,270710705000013,0.6833333333333333,0.7930672268907563
1141,270710705000014,0.7166666666666667,0.6921566764826953
1142,270710705000015,0.65,0.7583807716635041
1143,270710705000016,0.7333333333333333,0.6285526806021275
1144,270710710000001,0.9,0.8120089786756454
1145,270710710000002,0.8333333333333334,0.6648019666757716
1146,270710710000003,0.8166666666666667,0.545140247879974
1147,270710710000004,0.8166666666666667,0.6905010680783876
1148,270710710000005,0.8166666666666667,0.6654813840133044
1149,270710710000006,0.7166666666666667,0.6861680915837493
1150,270710710000007,0.7666666666666667,0.7534362803325981
1151,270710710000008,0.7666666666666667,0.7372816718091545
1152,270710710000009,0.8,0.6285587681400243
1153,270720605000001,0.7833333333333333,0.8661321821358824
1154,270720605000002,0.75,0.803539175006102
1155,270720605000003,0.7333333333333333,0.8365968258599414
1156,270720605000004,0.7,0.7480963020382108
1157,270720605000005,0.65,0.6847660881166634
1158,270720605000006,0.5833333333333334,0.7912870849806879
1159,270720605000007,0.7333333333333333,0.7620576131687242
1160,270720605000008,0.75,0.6176637670868098
1161,270720605000009,0.6666666666666666,0.6243504017571908
1162,270720605000010,0.7666666666666667,0.6384092098377813
1163,270720605000011,0.65,0.6075391769305324
1164,270720605000012,0.7666666666666667,0.6722596012042895
1165,270720605000013,0.65,0.7226312419974392
1166,270720605000014,0.7833333333333333,0.6567634261965063
1167,270720605000015,0.5666666666666667,0.6395032867789566
1168,270720605000016,0.7333333333333333,0.7276519237684287
1169,270750305000002,0.6833333333333333,0.7174042899809937
1170,270750305000003,0.7333333333333333,0.7616295263020995
1171,270750305000004,0.7833333333333333,0.9243292349303683
1172,270750305000007,0.6166666666666667,0.7319158783881513
1173,270750305000008,0.7333333333333333,0.6347807845605202
1174,270750305000009,0.6833333333333333,0.4937977460101353
1175,270750305000010,0.8333333333333334,0.7212785388127854
1176,270750305000011,0.7,0.7527426160337553
1177,270750305000012,0.85,0.5590695875042314
1178,270750305000013,0.75,0.5218045112781955
1179,270750305000014,0.7166666666666667,0.4977386388345293
1180,270750305000015,0.7666666666666667,0.7037037037037037
1181,270750305000016,0.8,0.7175960479084479
1182,270750305000017,0.7333333333333333,0.7757978019863886
1183,270750305000018,0.7833333333333333,0.739990509118026
1184,270750305000019,0.7333333333333333,0.6930325849540457
1185,270750305000020,0.7333333333333333,0.6000734540223728
1186,270750305000021,0.7833333333333333,0.6504488680718189
1187,270750305000022,0.8166666666666667,0.6448198146925581
1188,270750305000023,0.6833333333333333,0.8057927417177678
1189,270750305000024,0.6666666666666666,0.5376344086021505
1190,270750305000025,0.8166666666666667,0.8784893267651889
1191,270750305000026,0.9,0.7242798353909464
1192,270750305000028,0.7666666666666667,0.8601088160238817
1193,270750305000029,0.7166666666666667,0.8480306327277635
1194,270760205000001,0.8166666666666667,0.8340501260566513
1195,270760205000002,0.8,0.8470006086105157
1196,270760205000003,0.7666666666666667,0.8061830987876005
1197,270760205000004,0.7666666666666667,0.8315976954412901
1198,270760205000005,0.8,0.7290598290598291
1199,270760205000006,0.7,0.8417122697295888
1200,270760205000007,0.7333333333333333,0.8069380679586668
1201,270760205000008,0.8166666666666667,0.7851382488479262
1202,270760205000009,0.7,0.7757374631268436
1203,270760205000010,0.8833333333333333,0.7783018867924528
1204,270760205000011,0.6833333333333333,0.8013122236485524
1205,270760205000012,0.7333333333333333,0.8828134828134827
1206,270760205000013,0.7666666666666667,0.85969966823817
1207,270760205000015,0.65,0.6892478721556365
1208,270760205000016,0.8333333333333334,0.7969858156028368
1209,270760205000017,0.55,0.6816498316498317
1210,270800605000001,0.85,0.834204110066179
1211,270800605000002,0.7333333333333333,0.6554079129374455
1212,270800605000003,0.8833333333333333,0.8855078255078256
1213,270800605000004,0.75,0.7276239732278674
1214,270800605000005,0.8333333333333334,0.9782713864306785
1215,270800605000006,0.8,0.7807184867270704
1216,270800605000007,0.8666666666666667,0.8302545330722738
1217,270800605000008,0.7333333333333333,0.7206481844163003
1218,270800605000009,0.7666666666666667,0.8957376118687277
1219,270800605000010,0.7333333333333333,0.7396811919198516
1220,270800605000011,0.8333333333333334,0.8554563492063493
1221,270800605000012,0.8333333333333334,0.941870407968909
1222,270800605000013,0.7333333333333333,0.9290144506817294
1223,270800605000014,0.7333333333333333,0.8666548323471401
1224,270800605000015,0.7333333333333333,0.7604334045382081
1225,270800605000016,0.65,0.6865282689054069
1226,270800605000017,0.6833333333333333,0.8822579112420413
1227,270800605000018,0.8,0.92671783625731
1228,270800605000019,0.7666666666666667,0.7667976633032395
1229,270800605000020,0.7666666666666667,0.8577997957627228
1230,270800605000021,0.7166666666666667,0.6481318624803929
1231,270800605000022,0.6166666666666667,0.8349819036249597
1232,270800605000023,0.7666666666666667,0.6353646353646354
1233,270800605000024,0.7833333333333333,0.7255692599620494
1234,270800605000025,0.7,0.6304400217259153
1235,270800605000026,0.7,0.7568627450980392
1236,270800605000027,0.8166666666666667,0.5430107526881721
1237,270800605000028,0.7333333333333333,0.7471613127776754
1238,270800605000029,0.7666666666666667,0.656478117285789
1239,270800605000030,0.7,0.6291858678955453
1240,270800605000031,0.8166666666666667,0.7124183006535948
1241,270800605000032,0.6833333333333333,0.618052806732052
1242,270800605000033,0.85,0.83348895113601
1243,270800605000034,0.7166666666666667,0.7388069888069889
1244,270800605000035,0.8,0.6508887097393373
1245,270800605000036,0.8166666666666667,0.876558784996846
1246,270800605000037,0.85,0.6786974376771356
1247,270800605000038,0.75,0.7773759448178054
1248,270800605000039,0.75,0.6411694208969665
1249,270800605000040,0.8,0.5967365057049318
1250,270800605000041,0.7666666666666667,0.6590722658834114
1251,270800605000042,0.7333333333333333,0.7004425951987598
1252,270800605000043,0.6833333333333333,0.6689346012546585
1253,270800605000044,0.6,0.8573232323232324
1254,270800605000045,0.8166666666666667,0.7925515185199546
1255,270800605000046,0.7166666666666667,0.6636900428698537
1256,270800605000047,0.5833333333333334,0.6639890925816414
1257,270800605000048,0.7,0.8334937881080089
1258,270800605000049,0.6666666666666666,0.5034511558538405
1259,270800605000050,0.7,0.4916066687091503
1260,270800605000051,0.35,0.6333333333333333
1261,270820405000001,0.7333333333333333,0.8281535582167244
1262,270820405000002,0.7166666666666667,0.8959618389670204
1263,270820405000003,0.6666666666666666,0.7317371475953566
1264,270820405000004,0.7166666666666667,0.7207407407407408
1265,270820405000005,0.7333333333333333,0.6920366455250176
1266,270820405000006,0.6333333333333333,0.8121181088923025
1267,270820405000007,0.7333333333333333,0.9020979020979021
1268,270820405000008,0.7333333333333333,0.7398318628424446
1269,270820405000010,0.6,0.5663054695562436
1270,270820405000011,0.75,0.7250471325600398
1271,270820405000012,0.6833333333333333,0.8544288011174169
1272,270840205000001,0.7166666666666667,0.5966478264865361
1273,270840205000002,0.6833333333333333,0.6570325410580377
1274,270840205000003,0.6833333333333333,0.7655430762048409
1275,270840205000004,0.7666666666666667,0.8031701125881759
1276,270840205000005,0.7166666666666667,0.856172778164232
1277,270840205000006,0.65,0.7611584630452555
1278,270840205000007,0.7166666666666667,0.7237583888996785
1279,270840205000008,0.6333333333333333,0.7496345029239766
1280,270840205000009,0.7666666666666667,0.8461366181410974
1281,270840205000010,0.7,0.6775068059801371
1282,270840205000011,0.7,0.6362589123825882
1283,270840205000012,0.6833333333333333,0.7267946493587987
1284,270840205000013,0.6666666666666666,0.7728282212742906
1285,270840205000014,0.7,0.5808537266303406
1286,270840205000015,0.6666666666666666,0.5069681292712525
1287,270840205000016,0.5666666666666667,0.6379394361294813
1288,270840205000017,0.7333333333333333,0.6767231680792021
1289,270840205000018,0.7333333333333333,0.8269945909398242
1290,270840205000019,0.6333333333333333,0.6905033536012035
1291,270840205000020,0.7166666666666667,0.5673917650202235
1292,270840205000021,0.6333333333333333,0.7976690234202386
1293,270840205000022,0.7333333333333333,0.7006978855110635
1294,270840205000023,0.6666666666666666,0.6904141218531209
1295,270840205000024,0.65,0.7072702275805368
1296,270840205000025,0.6666666666666666,0.7185425270531653
1297,270840205000026,0.7333333333333333,0.43008255933952527
1298,270840205000027,0.6666666666666666,0.621142965815623
1299,270840205000028,0.7333333333333333,0.7118840579710145
1300,270840205000029,0.7166666666666667,0.7554063454616943
1301,270840205000030,0.7166666666666667,0.6763969407473939
1302,270895605000001,0.6666666666666666,0.7521873938158342
1303,270895605000002,0.7333333333333333,0.6303666850930533
1304,270895605000003,0.75,0.8014832162373146
1305,270895605000004,0.7166666666666667,0.7104713442503515
1306,270895605000005,0.7333333333333333,0.6807127496159754
1307,270895605000006,0.6833333333333333,0.687786125879469
1308,270895605000007,0.7333333333333333,0.4937506606732071
1309,270895605000008,0.7166666666666667,0.5524422757683988
1310,270895605000009,0.7,0.751888625080941
1311,270895605000010,0.7333333333333333,0.777393193533587
1312,270895605000012,0.6,0.5689149560117303
1313,270895605000013,0.6666666666666666,0.6308043039845678
1314,270915205000001,0.7,0.8096200297287254
1315,270915205000002,0.7,0.900561680882047
1316,270915205000003,0.7666666666666667,0.8824425156083447
1317,270915205000004,0.7833333333333333,0.8447634875820134
1318,270915205000005,0.65,0.8525392765801972
1319,270915205000006,0.6666666666666666,0.7655080024131445
1320,270915205000007,0.7,0.8546292527774009
1321,270915205000008,0.7166666666666667,0.8427230046948356
1322,270915205000009,0.7666666666666667,0.7897580205845284
1323,270915205000010,0.55,0.710932030932031
1324,270915205000011,0.7666666666666667,0.8581595752866047
1325,270915205000012,0.6666666666666666,0.7436922278815318
1326,270915205000013,0.6166666666666667,0.7703533325536367
1327,270915205000014,0.6333333333333333,0.8264953722889902
1328,270915205000015,0.6166666666666667,0.7224229076114916
1329,270915205000016,0.6666666666666666,0.7294310016823106
1330,270915205000017,0.7,0.6888888888888888
1331,270915205000018,0.7166666666666667,0.8844373624705971
1332,270915205000019,0.7833333333333333,0.8143348982785602
1333,270915205000020,0.65,0.7755590180963315
1334,270915205000021,0.75,0.751876961004034
1335,270915205000022,0.65,0.777526395173454
1336,270915205000023,0.8166666666666667,0.6707766990291262
1337,270915205000024,0.7833333333333333,0.7002982848620433
1338,270915205000025,0.8666666666666667,0.8676792556102901
1339,270915205000026,0.7,0.7942089737618382
1340,270915205000027,0.7333333333333333,0.7673074531518971
1341,270915205000028,0.7,0.7081957308039298
1342,270915205000029,0.7333333333333333,0.7191954387076338
1343,270915205000030,0.6166666666666667,0.7938331702233125
1344,270915205000031,0.5166666666666667,0.7615193318318317
1345,270915205000032,0.45,0.8177065527065527
1346,270915205000033,0.65,0.8157347249503132
1347,270915205000034,0.7166666666666667,0.8232070165050699
1348,270915205000035,0.7166666666666667,0.7464555973765193
1349,270915205000036,0.6833333333333333,0.6283849661244082
1350,270915205000037,0.6833333333333333,0.78003003003003
1351,270915205000038,0.7,0.7392585994825466
1352,270915205000039,0.7333333333333333,0.8733552631578947
1353,270915205000040,0.6666666666666666,0.7273920305416368
1354,270915205000041,0.6166666666666667,0.7097475228627976
1355,270915205000042,0.7666666666666667,0.8547516924962265
1356,270915205000043,0.6166666666666667,0.8058621535442727
1357,270915205000044,0.6,0.7271366561891931
1358,270915205000045,0.7166666666666667,0.851968503937008
1359,270915205000046,0.8333333333333334,0.783911192214112
1360,270920205000001,0.9,0.9463109354413702
1361,270920205000002,0.6166666666666667,0.8658198347870228
1362,270920205000003,0.7833333333333333,0.8479535355464894
1363,270920205000004,0.7,0.7460135950701989
1364,270920205000005,0.6333333333333333,0.5788033001773459
1365,270920205000006,0.75,0.5207511737089202
1366,270920205000007,0.75,0.8305741983594332
1367,270920205000008,0.7166666666666667,0.4537677151745593
1368,270920205000009,0.65,0.46236241455219557
1369,270920205000010,0.85,0.4159262001727755
1370,270920205000011,0.7166666666666667,0.44667524667524666
1371,270920205000012,0.8333333333333334,0.4610690235690236
1372,270920205000013,0.8,0.679759629922729
1373,270920205000014,0.6833333333333333,0.503309968847352
1374,270920205000015,0.7166666666666667,0.34586056644880175
1375,270920205000016,0.7333333333333333,0.6519811847245476
1376,270920205000017,0.7333333333333333,0.6447494852436514
1377,270920205000018,0.7166666666666667,0.5173767752715122
1378,270920205000019,0.85,0.8060726780561301
1379,270920205000020,0.8166666666666667,0.5707143703352683
1380,270920205000021,0.8,0.6389245210025859
1381,270920205000022,0.7,0.3481732504955868
1382,270920205000023,0.7833333333333333,0.6101666902771875
1383,270920205000024,0.7666666666666667,0.5624393759584695
1384,270920205000025,0.7333333333333333,0.6468068906443323
1385,270920205000026,0.7666666666666667,0.5758661887694146
1386,270920205000027,0.8666666666666667,0.7739511447036915
1387,270920205000028,0.7666666666666667,0.371120083307452
1388,270920205000029,0.7,0.5970066518847007
1389,270920205000030,0.65,0.5144328001470858
1390,270920205000031,0.6,0.603238570241064
1391,270920205000032,0.7,0.3239141414141414
1392,270920205000033,0.6666666666666666,0.3683608058608059
1393,270920205000034,0.6833333333333333,0.6073634899721857
1394,270920205000036,0.5666666666666667,0.4695184053542849
1395,270920205000037,0.6166666666666667,0.38010510510510515
1396,270920205000038,0.6166666666666667,0.8626000485083677
1397,270920205000039,0.6666666666666666,0.6181148287242517
1398,270920205000043,0.6333333333333333,0.4359801840056617
1399,270920205000044,0.5666666666666667,0.8838383838383838
1400,270920205000045,0.4,0.4365642237982663
1401,270920205000046,0.7,0.5267183796595561
1402,270920205000047,0.8,0.5627062706270627
1403,270920205000048,0.7333333333333333,0.5440340909090909
1404,270920205000049,0.8333333333333334,0.8935001169043723
1405,270920205000050,0.65,0.7556233831787494
1406,270920205000051,0.55,0.5447373393801965
1407,270920205000052,0.8166666666666667,0.593562746105119
